address,name,phone,website
"2 Hardy Street, Stanthorpe, QLD, 4380",Louize Fulton Counselling,07-46814920,
"3/22 Govetts Leap Road, Blackheath, NSW, 2785",Alleviate Pain,+61 2 4751 8726,http://www.alleviatepain.com.au/
"PO Box 157, Cherrybrook, NSW, 2126",The Transformative Life,0478767730,http://www.thetransformativelife.com/
"34 Chester st, South Fremantle, WA, 6162",Expressive Hearts,0413627987,http://www.expressivehearts.com.au
"Eden drive, Asquith, NSW, 2077",Tayo's Harmony,0421240020,
"1 waratah st, Mona Vale, NSW, 2103",Dynamic Lifestyle,0404088543,http://monavalepersonaltrainer.com.au
"42 Laurance ave, Airport West, VIC, 3042",M.H.O .T Pty Ltd,0412417065,
"294A Napier Street , Bendigo , VIC, 3550",Gentle Spirit Yoga,0409970379,http://www.gentlespirityoga.com.au
"The Rejuv Centre Unit 4/111 Hill Street, West Hobart, TAS, 7000",EBNaturopathica,0415699085,http://rejuvwithemma.youcanbook.me/index.jsp
"53 Western Crescent, Gladesville, NSW, 2111",Sydney Institute of Meditation,0434 918 980,http://www.mindfulnessmeditationscience.com
"9th Floor, 60 Pitt Street, Sydney, NSW, 2000",Counselling Insights - Sydney CBD,0412 231 332,http://counsellinginsights.com.au
"11sugarglider court, Belmont, NSW, 2280",My Mental Well-Being,0419165929,http://www.mymentalwell-being.com.au
"F9B, Level 1, 47 Ashmore Road, Bundall, QLD, 4217",Metanao Pty Ltd,0439294532,http://metanao.com.au
"Online consultations, Online consultations, QLD, 4573",Belinda Moss Nutritionist,0439955122,http://www.belindamoss.com.au
"34 Tingira Close, Rainbow Beach, QLD, 4581",Tricia Ferguson,0428749259,
"116 Woolshed Rd, Eldorado, VIC, 3746",Lucia DaPos Therapies,0412419908,http://luciadapos.com.au
"31 Gatenbys Road, Gravelly Beach, TAS, 7276",The Happy Heart Centre,0408035986,http://Www.thehappyheartcentre.com.au
"12 Curl Curl Pde, Curl Curl, NSW, 2096",AdeleYoga,0408220408,http://www.facebook.com/adeleyoga.com.au
"15B Evelyn Street, Melbourne, Bentliegh, VIC, 3204",Smiling Yogini,0481956004,http://www.yogaaustralia.org.au/user-preview/?user_id=15322
"250 Simpsons Rd, Currumbin Waters, QLD, 4223",Fit For Life Mind Body Soul,0416078855,http://www.fitforlifemindbodysoul.com
"69 Leicester Street, Preston, VIC, 3072",Emma Burrell,0426 843 750,http://ayurmindandbody.com.au
"12 Austral Ave, North Manly, NSW, 2101",Niyama Naturopathic,0478536566,http://www.niyamanaturopathic.com.au/
"4/355 Lygon Street, Lygon Street, Brunswick East, VIC, 3057",Change in Mind Counselling and Hypnotherapy,0409803696,http://changeinmind.com.au
"Suite 6, 24 Eastern Road, South Melbourne, VIC, 3205",soul pilates,0421011312,http://Soul-pilates.com.au
"7 / 103 - 105 King Street, Buderim, QLD, 4556",Spectrum Nutrition and Dietetics,0405316215,http://www.glennharrydietitian.com
"32 Carrington Rd, Reservoir, VIC, 3073",Positive Pathways Hypnotherapy & Counselling,Whats app +6281225340268,http://www.positivepathwayshypnotherapy.com.au
"49 Chetwynd St, North Melbourne, VIC, 3051",Angela Molluso,0428020807,http://https://g.co/kgs/xAFk4U
"Sentient Being Wellness Centre, 70 Commercial Place, Eltham, VIC, 3095",Optimal Wellbeing Hypnotherapy,0412167750,http://www.optimalwb.com
"Contagious Enthusiasm, 362 Hampton St, Hampton, VIC, 3188",Steve Carey Hypnotherapy,0423 793887,http://schypnotherapy.com
"13A Argyle Ave, Ryde, NSW, 2122",Innately Well,+61280914225,http://Innatelywell.com.au
"51 Lower Jordan Hill Road, West Hobart, TAS, 7000",Provence Pilates Studio,0429 344 403,http://www.provencepilates.com.au
"16 Moore rd, Sunbury, VIC, 3429",MGJ Healthy Living,0403308053,http://mgjhealthyliving.com.au
"38 Mehaffey Crescent, Theodore, ACT, 2905",Finding Centre Pilates,0414986797,
"Clarity House, 267 Fullarton Rd, Parkside, SA, 5063",Fundamental Health & Wellbeing,0424881120,http://fundamentalwellbeing.life
"265A Waverley Road, MALVERN EAST, VIC, 3145",Malvern Natural Health Care,+61395723211,http://mnhc.com.au
"Mobile Clinic, Online, NSW, 2322",Steps to Change,0425327199,http://www.stepstochange.com.au
"183 Tufnell Rd, Banyo, QLD, 4014",DNA Nutrition Group,0402595668,http://www.dnagroup.com.au/
"Bridge Rd, Richmond, VIC, 3121",Barefoot Naturopath,0425781510,http://musculartherapy.com.au/
"38 Maud Street, Maroochydore, QLD, 4558",Fuelling Success,0435379953,http://fuellingsuccess.com
"75 Asling Street, Brighton, VIC, 3186",Embrace Food,0451133745,http://embracefood.com.au/
"272 Sturt Street, Townsville City, QLD, 4810",The Good Food Clinic,0409919908,http://www.thegoodfoodclinic.com.au
"10-12 Pinehall Avenue, Mount Gambier, SA, 5290",Dietitian@pinehall,0400324840,
"Suite 20-21, 240 Waterworks Road, Ashgrove, QLD, 4060",Soul Fruitful Dietetics,0426054154,http://www.soulfruitfuldietetics.com/
"126-130 Golf Links Road, Mountain Creek, QLD, 4557",Sunny Nutrition and Dietetics,406499214,http://www.sunnynutritionanddietetics.com
"14 Solander Place, Yarralumla, ACT, 2600",Feed Your Future Dietetics,0432889752,http://www.feedyourfuturedietetics.com
"66 Jervois St, Torrensville, SA, 5031",Pilates Distillery,0430815663,http://www.pilatesdistillery.com.au
"46 Berber Road, Old Bar, NSW, 2430",Wave Nutrition,0401784272,http://wavenutrition.com.au
"3 Barcoo Place, Kaleen, ACT, 2617",Live Better Nutrition,0417493498,http://www.livebetternutrition.com.au
"1242 Acton Road, Cambridge, TAS, 7170",PilatesJ,0402827651,http://www.pilatesJ.com.au
"20 Atkinson Close, Windsor, Windsor, VIC, 3181",Mr,+61418122932,http://www.adamscounselling.com.au
"106 George St, East Maitland, NSW, 2321",Ruth Fellowes Spectrum Health,0425 301 485,http://www.ruthfellowes.com.au
"198A Nepean Highway, Aspendale, VIC, 3195",Koko Pilates,0421665565,http://kokopilates.com.au
"23 Tammany Drive, Clarinda, VIC, 3169",ThetaVille,0412771612,http://www.thetaville.com.au
"25 Pulver St, Hamilton South, NSW, 2303",Branch & Vine Nutrition,+61410506082,
"38 TasmanSt, Dee Why, NSW, 2099",TerriYogaFit,+61423138738,http://yogafit.com.au
"Shop 2, 22 Gorge Rd, Trevallyn, Launceston, TAS, 7250",MTK Nutrition,0418796560,http://www.mtknutrition.com
"72 Laura St, Brunswick, VIC, 3056",OAK/One Acupuncture Klinik,0435 002 732,
"Level 1, 18 Ross St, South Melbourne, VIC, 3205",Mirosuna,0405725607,http://www.mirosuna.com
"1/21 Russell Street, Adelaide, SA, 5000",Right Brain Liaisons,0419 031 754,http://rightbrainliaisons.com
"Level 9, 428 George Street, Sydney, NSW, 2000",Mother Nurture Yoga,0286267363,http://mothernurtureyoga.com.au
"55 Riverview Drive, Port Noarlunga, SA, 5167",Shylie Fox,0477795290,
"27 Shelley Ave, Fulham Gardens, SA, 5024",Jeanie Morella Naturopathy,0400294827,
"Palisades, 15/5-15 Farrell Ave, Darlinghurst, NSW, 2010",Clara Luxford,+61412231796,http://claraluxford.com.au
"250 Simpsons Rd, Currumbin Waters, QLD, 4223",Fit For Life Mind Body Soul,0404096102,http://www.fitforlifemindbodysoul.com
"3 Duffy Place, Dunsborough, WA, 6281",Craig Hitchens Therapies,0421213898,http://craighitchenstherapies.com
"538 Gympie Road, Kedron, QLD, 4031",Connexions Counselling,+61405990765,http://www.connexionscounselling.com
"25/11 Harrington Avenue, Castle Hill, NSW, 2154",At Peace With Me,02 9659 7240,http://www.atpeacewithme.com
"Unit 3 42 Hassall Street, Parramatta, NSW, 2150",Bodypeptalk,0466914208,http://Www.bodypeptalk.com
"52 Kars Street, Frankston, VIC, 3199",Untangle Your Life,0418 143 969,http://steveangel.com.au
"27 Duxford St, Paddington, NSW, 2021",Alex Joy Nutrition,0414366593,http://www.alexjoynutrition.com
"6/143 Kembla Street, Wollongong, NSW, 2500",Naviti Lifestyle,0449635960,http://naviti-lifestyle-life-coaching-natural.business.site/
"31 Park Street, Hawthorn, VIC, 3122",Kate Evershed,0490850079,http://kateevershed.com
"16 Nexus Way, Southport, QLD, 4213",Liberate Your Life,0414808138,http://www.sherriehatfield.com/
"7 Thomas Street, EAST CANNINGTON, WA, 6107",Mavis Carruthers ND,0433471984,http://www.facebook.com/travellingnaturopath.1
"21 Augusta Drive, Wollert, VIC, 3750",Giancarla Gureng/You Being Infinite,0420639003,http://accessconsciousness.com/giancarlagureng
"36 Gipps Road, Greystanes, NSW, 2145",Stressfree Management (R),0414680713,http://www.stressfreemanagement.com.au
"32 Wroxton St, Midland, WA, 6056",High Vibrations Reiki,+61434249018,http://www.highvibrationsreiki.com.au/about
"Gosford Central Plaza, Level 2, Suite 3 153 Williams Mann St, Gosford, NSW, 2250",Bright Diets,0407492278,http://www.brightdiets.com.au/
"545 Fullerton Cove Road,, Fullerton Cove, NSW, 2318",The Natural Health Coach,0404019172,http://thenaturalhealthcoach.me
"68 Harrison Circuit, Woodroffe, NT, 0830",Louise Ellen Nutrition,0490081100,http://www.louiseellennutrition.com.au
"14 Girraween Drive, Marrangaroo, NSW, 2790",Inner Peace Holistic Herbal Therapy,0490335602,http://www.innerpeacehealth.com.au
"37 Queens Road, Ardross, WA, 6153",Yoga with L,0401239917,http://www.yogawithl.com.au
"3 Manuka Rd, Berwick, VIC, 3806",Healing from within ,0431 313 034,
"136 b Shepherd st Darlington NSW 2008, Darlington, NSW, 2008",Yoga of the Heart Victoria Park,0411850416,
"Telephone Counselling, Clayfield, QLD, 4011",talk@shane.pro,07 3862-2592,
"32 Pine Grove Rd, Woombye, QLD, 4559",MA Shalom Pty Ltd,0417799245,
"6 Francis Street, Tatura, VIC, 3616",Connect for Healing,0413824073,http://www.connectforhealing.com
"4 javelin st, Runcorn, QLD, 4113",N,0452512205,
"14a park street, brunswick heads, NSW, 2483",Lucy Arnott,0416129616,http://www.gotogood.com.au
"Sutherland Shire, sutherland, NSW, 2232",Deborah Rollings,0427584554,http://debrollings.com
"371 Canterbury Road, Surrey Hills, VIC, 3127",Anew You Mind Body Solutions,0409140173,http://www.anewyou.com.au
"U 44 21 LOVE ST, BULIMBA, QLD, 4171",Inspirational Vibrations Pty Ltd,0402237470,http://www.inspirationalvibrations.com
"332C, Clayton Street, Canadian, VIC, 3350",Embrace Life Now,+61 400474425,http://www.embracelifenow.com.au
"Unit 4, 825 Lower North East Road, Dernancourt, SA, 5075",Mindful Progress,0438637449,
"2/68 Lugarno Parade, Lugarno, NSW, 2210",Beyond the Shell,0448945397,http://beyondtheshell.com.au
"195A Sunshine Ave, Kealba, Melbourne, VIC, 3021",Vital Health and Natural Medicine,03 93829790,http://www.myvitalhealthsolutions.com.au
"25, Wanguri Terrace, Wanguri, NT, 0810",Integrated Health Solutions,0439870947,http://www.integratedhealthsolutions.com.au/
"235 Coliban Road, Trentham, VIC, 3458",Catherine Laurent,0418 364 497,http://indriya.com.au
"37 Perkins Drive, Kellyville, NSW, 2155",Shanie Ruprai,0404 040 492,http://www.divinecarehealthclinic.com.au/
"21 Cutler Cres,, Wodonga, VIC, 3690",Wake Up 4 Health,0432460300,http://wakeup4health.net.au
"SHR, Mitchelton, QLD, 4053",Soul Centred Counselling,0408883275,http://www.jennycarter.com.au
"56 Clyde Road, Berwick, VIC, 3806",Mindful Counselling Australia,0432234004,http://www.mindfulcounsellingaustralia.com.au
"3/685 Military Road, Mosman, NSW, 2088",FitnessLab,0430249962,http://www.fitnesslab.com.au
"10 Wolfe Rd, East Ryde, NSW, 2113",Digestive Detective,412724707,http://digestivedetective.com.au/
"68 portland cres., maroubra, sydney, NSW, 2035",Young's kinesiology and remedial massage,0416059332,
"14 Bayview Street, Elsternwick, VIC, 3185",Naturopath Solutions,0425717407,http://www.naturopathsolutions.com.au
"Chiswick St, Chiswick, NSW, 2046",Healing the Source - Reiki & Clairvoyant readings,0413661261,http://www.healingthesource.online
"Cris Popp, Level M2, West Podium, Rialto, 525 Collins St. Melbourne Vic 3000, Australia, Collins St., VIC, 3000",Laughter Works,0438 545 607,http://www.laughterworks.com.au/
"24 Glenjustins Street, Wynnum West, QLD, 4178",By Rosie,0451035142,http://by-rosie.com
"22 Trinity Avenue, Kellyville, NSW, 2155",Get Well Counselling,0423074233,
"261 Huntingdale Rd, Oakleigh South, VIC, 3167",Posture Link,0412558978,http://posturelink.com.au
"4 Mazlin Street, Wanguri, NT, 0810",www.mbnaturopath.com.au,+61411173763,http://www.mbnaturopath.com.au
"Go Vita, Shop 2055, Westfield Shopping Centre, 50 Wyong Road, Tuggerah, NSW, 2259",Danielle Marasco Naturopathy,0414319196,http://www.daniellemarasco.com.au
"2, Minona Street, Hawthorn, VIC, 3122",Aton Healing Therapies,0407280240,http://www.atonHT.com.au
"Sydney Health & Wellness Centre, Level 4, 88 Pitt St, Sydney, NSW, 2000",Madeleine Memmolo Nutrition,0407491886,http://amaddnutritionist.com
"46 Porter Promenade, Mission Beach, QLD, 4852",Cassowary Coast Counselling,0484622149,http://www.cassowarycoastcounselling.com.au
"Level 54, 111 Eagle Street, Brisbane, QLD, 4000",Achievers Resources Pty Ltd,0731949270,http://pathtoliberty.com
"Suite 9, 144 Brisbane Street, Launceston, TAS, 7250",Launceston Counselling and Hypnotherapy Services,0417768294,http://www.facebook.com/launcestoncounsellingandhypnotherapyservices/
"37A Tasman Ave, Flinders Park, SA, 5025",Freedom Thinking,0409110410,
"6 Jabiru Place, CLEVELAND, QLD, 4163",Anchoring Your Life Counselling,0490061761,http://www.anchoringyourlife.com
"1/1, roberts st, golden beach, QLD, 4551",Healing Healers,0418506395,http://healinghealers.com.au
"4/32-36 Premier Street, Kogarah, NSW, 2217",Novo Empower Counselling,0410637225,http://www.novoempowercounselling.com.au
"9-11 Thomas St, MACLEAY ISLAND, QLD, 4184",Ecue Pty Ltd,+61414282977,http://www.ecue.com.au
"Valetta Road, Fulham Gardens, SA, 5024",Blue Fire Reiki,+61 413 667 079,http://bluefirereiki.com.au
"Unit 7 4-6 Kingsley Street, Elwood, VIC, 3184",Jenni Mears,0439876765,http://www.jennimears.com/
"3/19 Arthur Avenue, Cronulla, NSW, 2230",Reiki Healing Arjuna,0405089402,http://www.arjunabiswas.com
"3/7 Dawson Street, Fullarton, SA, 5063",Good Evans Consulting,0425642222,http://www.goodevansconsulting@gmail.com
"Ramsay Rd, Pennant Hills, NSW, 2120",The Tai Chi Club,0411893262,http://www.thetaichiclub.com
"33 McNicol Road, Tecoma, VIC, 3160",Thrive Over 40 Holistic Health & Nutrition,0419352906,http://thriveover40.com
"108 Willis St Hampton, Hampton, VIC, 3188",Bayside Healthy Living,0404 913 662,http://www.baysidehealthyliving.com.au/our-team
"Vincent Lane, Avondale Heights, VIC, 3034",Yoga Freedom,0400008023,http://yogafreedom.com.au
"8/259 Glen Osmond Road, Frewville, SA, 5063",Lifeflow Meditation Centre,08 8379 9001,http://lifeflow.com.au/
"1 Roseby St, Marrickville, NSW, 2204",Triple Tranquillity,0401997104,
"27 Viewgrand Drive, BERWICK, VIC, 3806",Empowered Happiness,0402145342,http://www.empoweredhappiness.com
"Online, DULWICH HILL, NSW, 2203",Real Life Counselling,0403 692 403,
"69 Pickworth Retreat, Bunbury, WA, 6230",Leschenault Wellness,0448131295,http://www.leschenaultkinesiology.com.au/
"6 Driftway Drive,, Pemulwuy, NSW, 2145",Zen Om Yoga Studio,0430125698,http://zenomyoga.com.au
"19 The Circus, Burswood, WA, 6100",Healing Solutions,0439432594,http://www.healingsolutions.com.au
"Iramoo Community Centre, 84 Honour Avenue, Wyndham Vale, VIC, 3024",Yoga Classes,0416009024,http://www.yogamoveswest.com.au/
"4/22, Neilson Street, Bayswater, VIC, 3153",Rowena Harris Counselling,0468396662,
"12A Pioneer St, Seaton, SA, 5023",Oasis Mindfulness,0438199174,http://oasismindfulness.com/
"3/29 McKell St., Birchgrove, NSW, 2041",Marcea Klein,0410511682,
"1st Floor, 64-66 Kingsway, Glen Waverley, VIC, 3150",PT Counselling Pty Ltd,0408579312,http://ptcounselling.com.au
"Level 3, 2 Alexandra Pde, Cotton Tree, QLD, 4558",Restore Healthy Eating,0405505544,http://restorehealthyeating.com
"11 Melaleuca Way, Orange, NSW, 2800",Yvette McRae NATUROPATH,+61427900418,
"34 Glencairn Avenue, Brighton East, VIC, 3187",Lisa Gelbart,0438696784,
"4, Belgrave South, VIC, 3160",Marcelle Yoxon Therapy,+61413995080,http://www.marcelleyoxontherapy.com
"The Village Workplace, 1/F Parap Road, Parap, NT, 0820",Mind Renewal Psychotherapy Services,0439439297,
"955 Gold Coast Hwy, Palm Beach, QLD, 4221",Professional Counselling,+61455507807,http://www.professionalcounselling.net
"1/7 Magdalene Terrace, Wolli Creek, NSW, 2205",Positive Thinking Clinic,0458850850,http://www.positivethinkingclinic.com.au
"142 Northwood Street, West Leederville, WA, 6007",Catherine Finch Spirit Medium,0404071172,http://www.catherinefinch.com.au
"13 Eaton Street, Sippy Downs, QLD, 4556",Marc de Bruin | Counsellor | Coach | Simplifying Life,0417062506,http://simplifyinglife.com.au
"11 Portland Parade, Seaford, VIC, 3198",eCounselling Australia,0418502999,http://www.ecounsellingaustralia.com.au
"9 Naroo place, Frankston, VIC, 3199",Want to talk about it Counselling,0404001469,
"Unit 16, 3 Millers Drive, Tugun, QLD, 4224",Amber's Natural Nutrition,0450363621,http://www.ambersnaturalnutrition.com
"17 Robin Hill Drv, Mornington, MELBOURNE, VIC, 3931",Horizon Counselling,0400788516,
"602/54 Nott Street, Port Melbourne, VIC, 3207",Melissa Smith,0467542281,http://melissasmith.pro
"PO Box 245, Balaclava, VIC, 3183",Amira Kay,0411566027,http://www.amirakay.com/
"Unit 39, 45-47 De Carle St, Brunswick, VIC, 3056",Thomas Reiner Counselling,+61433203232,http://thomasreinercounselling.wordpress.com
"34 Rita St, Holland Park, QLD, 4121",Elixir & Life,0458330925,http://www.elixirandlife.com
"9 Brooke Close, Skype - Judithwoth, Edens Landing, QLD, 4207",JKW Counselling,0407877522,
"2/30, Wright Street, Roma, QLD, 4455",Positive Outcomes Counselling Services,0448906134,
"Office 5, Lvl 1, 136 Russell Street, Toowoomba City, QLD, 4350",Rohan Watson Counselling & Coaching,0437008237,http://www.rohanwatson.com.au
"3 Elebana Street, Sydney, NSW, 2760",Paul Hamad Life Coach,0421095095,http://www.paulhamadlifecoach.com.au
"Forrest ave, Valley View, SA, 5093",ghazmelTHERAPY,0430386419,http://ghazmeltherapy.com.au
"57 Cathies Lane, Wantirna South, VIC, 3152",Saffron Nutrition,0420871694,http://saffronnutrition.com.au/
"20 perouse rd, Randwick, NSW, 2034",Core Dynamics Pilates and Movement,0412291932,http://www.coredynamics.com.au/
"1 New St., Windsor, NSW, 2756",Mary Collis Nutrition,0405637566,http://marycollis.net
"5 Louis Rise, Kilmore, VIC, 3764",Intuitive Spiritual Psychology,+61433558221,http://Www.intuitivespiritualpsychology.com.au
"56 Blue Squill Drive, Lower chittering, WA, 6084",Health and Balance with Julie Burgers,+61414696430,http://www.mydoterra.com/julieburgers/#/
"42/265, Martin Road, Larnook, NSW, 2480",Somatic Trauma Healing,0487963103,http://ilovemyselfyoga.com.au
"Suite 16, Ground Floor Times Square, 250 McCullough Street, Sunnybank, QLD, 4123",Krysten Siu Dietitian,0406338133,
"14 Fletcher Street, Netley, SA, 5037",Doodle Bird,0439312117,http://www.doodlebird.com.au
"6, Birtely Place, Elizabeth Bay, NSW, 2011",Barbara Kiao,+61499039868,http://www.barbarakiao.com
"Quan Yin Healing Centre, Shop 12, 150 Macquarie Road, Springwood, NSW, 2777",Empowering Health,0491154594,http://empoweringhealth.clinic
"54/23 George Street, North Strathfield, NSW, 2137",Naturology,0418655485,http://Naturology.care
"116 Partridge street, Glenelg South, Adelaide, SA, SA, 5045",Kate Driver naturopath and women's health coach,+61419106019,http://katedrivernaturopath.com.au/
"306 KIEL MOUNTAIN ROAD, KIELS MOUNTAIN, QLD, 4559",Tensegrity Studio Pilates,0400600360,http://www.tensegritystudiopilates.com.au/
"21 Shaun Street, Glenwood, NSW, 2768",LifeChange Wellness Clinic,0404102574,http://www.lifechangewellnessclinic.com
"34 Blenheim Street, Randwick, NSW, 2031",The Inner Sage Australia,+61407696454,http://www.theinnersageaustralia.com
"16 Gentile Crt, Rosetta, TAS, 7010",LAGOM NutriHealing,0447710961,
"83 Bynya Road, Palm Beach, NSW, 2108",Fit2Live,61438847255,
"Suite 2, 130 longueville Road, Lane Cove, NSW, 2066",Energy Essence,0410471557,http://www.energyessence.com.au/
"17 Noosa Parade, Noosa Heads, QLD, 4567",High Vibes Healing,0447362561,
"1622-1624 High St, Glen Iris, VIC, 3146",SportsFit Physio & Health,+61388408066,http://www.sportsfitphysioandhealth.com.au/
"Villa Le Mar, 102 Hedges Avenue, Mermaid Beach, QLD, 4218",Vanessa Mandich,0421 872 488,http://www.pursuitofhealth.com.au
"7 Bowtell Dr, Highfields, QLD, 4352",Quit Practice Australia,0417703453,
"345 Fantin Rd, Koah, QLD, 4881",Natural Health Focus,07 4085 0054,http://www.naturalhealthfocus.com.au
"42 Baldorph Ave, Rosemeadow, NSW, 2560",Nutrishious 'n' Delicious,0420970543,http://nutrishousndelicious.com
"29 Farmborough Rd, Unanderra, NSW, 2526",Julie Landon Nutrition,0423363012,http://julielandonnutrition.com
"Kirribilli Gardens, 3/247 Mooroondu Rd Thorneside, Brisbane, QLD, 4158",Yoga & Wellness For All,0402901358,http://www.yogaandwellnessforall.com.au/
"295 Point Nepean Road, Dromana, VIC, 3936",Evolve Fitness and Nutrition,0468835172,http://www.evolvefn.com.au
"Suite 16A,, 11  Brookhollow Avenue,, Norwest, NSW, 2153",Smart Brain Health Centre,0290606221,http://www.smartbrainhealthcentre.com.au
"8 Dorset Road, Heathcote, NSW, 2233",Naturally Active,0423700511,http://www.natactive.com.au
"13 David Street, Croydon, NSW, 2132",Ann Eyres Hypnotherapy,0417 471 407,http://www.hypnotherapysydney.com.au
"Floreat Beach Surf Club, West Coast Highway, City Beach, WA, 6015",Become Yoga,0432972238,http://facebook.com/yogabecmathias
"3 highgate st, strathfield, NSW, 2135",TOTAL VITALITY,0403172737,http://totalvitality.com.au
"13 Carapook Cres, Tallebudgera., Gold Coast., QLD, 4228",Gold Coast Yoga Therapy,0417762012,http://goldcoastyogatherapy.com.au
"Suite 1&2, Level 5, 428 George St, Sydney, NSW, 2000",Jean Martain Naturopath,0432234814,http://jeanmartainnaturopath.com.au/
"Level 1, Regal Professional Centre, 118 Main Street, Mittagong, NSW, 2575",Bowral Nutrition,0413698998,http://bowralnutrition.com.au/
"MITCHELL STREET, GEELONG, VIC, 3216",Soul Rebel Hypnotherapy,0429213231,http://soulrebelhypnotherapy.com/
"First Avenue Family Practice, 161 - 163 First Avenue, Five Dock, NSW, 2046",DSdietetics,0402355313,
"11 Leonard Ave, TOUKLEY, NSW, 2263",Jessica Worth Nutrition,0414802035,http://jessicaworth.com
"Surf parade, Broadbeach, QLD, 4218",Sandra Stone Therapies,0418 458287,http://sandrastonetherapies.com/
"8 Harrison Place, Tumbi Umbi, NSW, 2261",Cassandra Parrish,0449105177,http://cassandraparrish.com.au
"3 Northcote Rd, Armadale, VIC, 3143",Sense Psychotherapy,0412676303,
"Coal Point Progress Association Hall, 197 Skye Point Road, Coal Point, NSW, 2283",Lake Macquarie,0412231461,http://yogacircle.net
"Yarra Valley Holistic Health, 400 Warburton Hwy, Wandin North, VIC, 3139",: Vittoria Tosi Kinesiology,0438053652,http://www.mvtosi.com.au
"Level 3, 370 Queens Pd, Clifton Hill, VIC, 3068",Therapies for Transformation,0433080837,http://www.therapiesfortransformation.com/
"31 Avondale Road, Cooranbong, NSW, 2265",Soul Light Energetic Healing,0434 215 408,http://www.soullight.com.au
"1/218 Wisemans Ferry Road, Somersby, NSW, 2250",All Ability Yoga,0406 973 378,http://www.allabilityoga.com/
"15, Buvelot Wynd, Doncaster East, VIC, 3109",Grounded with Gratitude,+61400997256,http://mailchi.mp/b4d8b5c21b2e/groundedwithgratitude
"Unit 1, 12 Mary Street, Thirroul, NSW, 2515",Illawarra Sleep Psychology,0411750753,http://www.illawarrasleeppsychology.com.au
"115 Haig Rd, Auchenflower, QLD, 4066",Yogababy,0424755763,http://www.yogababy.com.au
"20/11 Soldiers Ave, Freshwater, NSW, 2096",Kate Powe Natural Medicine,+61404120155,http://www.katepowe.com
"56 Coonan St, Indooroopilly, QLD, 4068",Eat Smart Nutrition,0451618537,http://www.eatsmartnutrition.com
"19 Urquhart St, Carindale, QLD, 4152",Beyond Wellness Brisbane,0404008333,http://beyondwellnessclinic.com.au
"2/47 Hutchins Street, Kedron, QLD, 4031",The Botaniq,0431915762,http://www.thebotaniq.com
"703/63 Shoreline Drive, Rhodes, NSW, 2138",CL-Nutrition Office,0439111580,
"9 Johnstone Street, Sherwood, QLD, 4075",Jodi Allen Nutrition,0405129489,http://www.jodiallennutrition.com
"31 Rix Drive, Upper Coomera, QLD, 4209",Don't Finish Your Plate - Dietitian,0424022370,http://dontfinishyourplate.com.au/
"11 Moloaa crescent, Birkdale, QLD, 4159",Create Happy Mind,+61434626307,http://www.josetoussaint.com
"Military Rd, Bondi, NSW, 2026",Relaxation Project,0405337112,http://Www.relaxationproject.com
"6 Farnborough Drive, Moss Vale, NSW, 2577",Living a balanced life,0419464255,http://www.livingabalancedlife.com.au
"5 Coryule St, Battery Hill, QLD, 4551",Diamond Light Quantum Healing,0427106009,http://diamond-light.com
"10 Varcoe St, Shepparton, VIC, 3630",Verdure Naturopathy,408356044,http://www.verdurenaturopathy.com.au
"26 Raglan Street, Sydney, Malabar, NSW, 2036",Jenny Nurick,0410331307,http://www.jennynurick.com
"12 Grannall St, Forde, ACT, 2914",Quirky Forest,0415180574,http://quirkyforest.com
"8/1 Curtin Place, Concord, NSW, 2137",Debt Wipeout,0419605365,http://debtwipeout.org
"7/84 St Georges Crescent, Drummoyne, NSW, 2047",An Open Door Counselling,0415 980 649,
"1405 Golden Grove Road, Golden Grove, SA, 5125",Lifecare Services,0413303576,http://www.lifecareservices.net
"Suite 21A, 2 Portrush Rd, PAYNEHAM, SA, 5070",SYNERGY HOLISTIC HEALTH,0433699563,http://www.synhh.com.au
"12 Bayview Crescent, Beaumont, SA, 5066",Optimum Learning & Health Centre,+61883794755,http://optimumlearningandhealth.com
"4, 109 Nimmo Street, Middle Park, VIC, 3206",I Am Counselling,0447555043,http://iamcounselling.com.au
"38 David Close, Osborne Park, WA, 6017",Careers Count Consulting,0433431486,http://www.careerscountconsulting.com
"Thornbury, VIC, 3071",Yoga & Nutrition Online,+61422716324,http://www.alisalexander.com.au
"9 Darley St, Marrickville, NSW, 2204",Senses and Stillness Yoga,0407100126,http://www.sensesandstillnessyoga.com/online-yoga
"P.O. Box 581, Fullarton, SA, 5063",Telehealth Exercises,08 70801564,http://www.telehealthexercises.com.au
"47 Helene Street, Ardeer, VIC, 3022",Naturoway,0422684052,http://www.naturoway.com.au
"6 Nimbus Drive, Flaxton, QLD, 4560",Olivia Besson Yoga,+61412506235,http://livbessonyoga.com
"16/3 Pecan Court, Suffolk Park, NSW, 2481",Cocoon Yoga Byron Bay,0408770493,http://www.cocoonyogabyronbay.com.au
"68 Biggs Ave, Beachmere, QLD, 4510",JD Counselling,0412570337,http://WWW.jdcounselling.com.au
"Hillcrest Ave, Port Macquarie, NSW, 2444",essenture,0414898262,http://jayeroberts.com
"854 Fourteenth Street, Mildura, VIC, 3509",Emergent Mindfulness Centre,0416459469,http://emergentmindfulness.com.au
"4 Karnak Road, Ashburton, VIC, 3147",Theta Freedom,0431740156,http://www.thetafreedom.com.au/
"8/6 Firewheel Place, Suffolk Park, NSW, 2481",Intouch Yoga Byron Bay,0418441437,http://www.intouchyogabyronbay.com
"8 Waratah St, Rushcutters Bay, NSW, 2011",Seasonal Yoga Treats,0419609991,http://seasonalyogatreats.com.au
"4 Jetty Place, Heathridge, WA, 6027",Inner Mind Therapies,0403357656,http://innermindtherapies.com.au
"St. James Trust Building, Suite 416, 185 Elizabeth St, Sydney, NSW, 2000",Isabelle Truong - Intuitive Resolution,0403447708,http://www.intuitiveresolution.com.au
"1B / 318 Junction Road, Clayfield, QLD, 4011",Marta Browne - Psychotherapist & Integrative Naturopath,07 3143 3688,http://martabrowne.com
"3309A/100 Harbour Esp, Docklands, VIC, 3008",Mr Meditate,0411345509,http://mrmeditate.com
"Lane Cove Tennis Club, Central Park, Kenneth Street,, Longueville, NSW, 2066",ingrid Shaw Pty Ltd,0414943953,http://www.yogabowl.com.au
"34/70-74 Phillip St, Parramatta, NSW, 2150",Yoga Sadhana,0481166593,http://www.yogasadhana.com.au
"98-100 Goodwood Road, Goodwood, Adelaide, SA, 5064",Your Inner Calm Coach,409677038,http://www.yourinnercalmcoach.com/
"26 Bristol Street, Aldinga Beach, SA, 5173",Megan Spencer Meditation,0414 835 158,http://www.themeganspencer.com/meditation/
